normalized_vendor_name,vendor_name,profile_url,profile_slug,slug_match_method,gsc_status,county_rows,counties_served,word_count,sentence_count,paragraph_count,opening_template_cluster_id,opening_template_cluster_size,nearest_neighbor_similarity,uniqueness_score_1_5,vendor_description_truncated
hard focus training,Hard Focus Training,https://www.getcarryclass.com/instructors/hard-focus-firearms-training-llc-78f8b158d7,hard-focus-firearms-training-llc-78f8b158d7,fuzzy,not_indexed,1,madera,63,3,1,0,4,0.9972,2,"Hard Focus Firearms Training is dedicated to providing the best, most effective techniques in Defensive Shooting to protect yourself and loved ones. They pride themselves on going above and beyond min"
hard focus firearms,Hard Focus Firearms,https://www.getcarryclass.com/instructors/hard-focus-firearms-training-llc-78f8b158d7,hard-focus-firearms-training-llc-78f8b158d7,fuzzy,not_indexed,1,mariposa,61,3,1,0,4,0.9972,2,"Hard Focus Firearms Training is dedicated to providing the best, most effective techniques in Defensive Shooting to protect yourself and loved ones. They pride themselves on going above and beyond min"
friedman handgun training,Friedman Handgun Training,https://www.getcarryclass.com/instructors/friedman-handgun-training,friedman-handgun-training,constructed,unknown,1,santa-clara,62,3,1,192,1,0.9863,2,Friedman Handgun Training provides CCW training by appointment in compliance with new PC26165 SB2 requirements for both initial and renewal applications. They specialize in one-on-one training session
friedman firearms training,Friedman Firearms Training,https://www.getcarryclass.com/instructors/friedman-firearms-training-bd155757da,friedman-firearms-training-bd155757da,exact,not_indexed,1,contra-costa,60,3,1,191,1,0.9863,2,Friedman Firearms Training provides CCW training by appointment in compliance with PC26165 SB2 requirements for both initial and renewal applications. They specialize in one-on-one training sessions r
hard focus firearm training,Hard Focus Firearm Training,https://www.getcarryclass.com/instructors/hard-focus-firearms-training-llc-78f8b158d7,hard-focus-firearms-training-llc-78f8b158d7,fuzzy,not_indexed,1,tulare,58,3,1,0,4,0.9667,2,Hard Focus Firearms Training is dedicated to providing effective defensive shooting techniques to protect yourself and loved ones. They pride themselves on going above and beyond minimum standards by 
executech inc.,Executech Inc.,https://www.getcarryclass.com/instructors/executech-inc,executech-inc,constructed,unknown,1,san-benito,68,3,1,17,2,0.9486,2,Executech Security Solutions is a California-based security corporation headquartered in the San Francisco Bay Area that specializes in investigative and protective solutions. They offer CCW training 
executech security solutions inc.,Executech Security Solutions Inc.,https://www.getcarryclass.com/instructors/executech-security-solutions-inc-b5e8b18853,executech-security-solutions-inc-b5e8b18853,exact,not_indexed,1,santa-cruz,65,3,1,17,2,0.9486,2,Executech Security Solutions is a California-based corporation headquartered in the San Francisco Bay Area that specializes in investigative and protective solutions. The company offers CCW training f
elite ccw and firearms training,Elite CCW and Firearms Training,https://www.getcarryclass.com/instructors/elite-ccw-and-firearms-training-4b9ac297c2,elite-ccw-and-firearms-training-4b9ac297c2,exact,not_indexed,1,los-angeles,65,3,1,163,1,0.9056,2,"EliteCCW is the premiere training provider in Southern California, founded by a former Orange County Sheriff CCW supervisor. They offer authorized training for multiple jurisdictions including Orange "
eliteccw firearms training,EliteCCW Firearms Training,https://www.getcarryclass.com/instructors/firearms-training-e51d601167,firearms-training-e51d601167,fuzzy,not_indexed,1,orange,63,3,1,162,1,0.9056,2,"EliteCCW Firearms Training is the premiere training provider in Southern California, founded by a former Orange County Sheriff CCW Supervisor. They offer comprehensive CCW training for multiple jurisd"
star crossed firearms,Star Crossed Firearms,https://www.getcarryclass.com/instructors/crossed-star-firearms-19d51aa5d6,crossed-star-firearms-19d51aa5d6,fuzzy,not_indexed,1,tehama,71,3,1,2,3,0.8949,2,Crossed Star Firearms is a Northern California firearms instructor offering CCW classes and firearms training for all levels of shooters. They provide approved CCW courses for residents of multiple co
morgan dant,Morgan Dant,https://www.getcarryclass.com/instructors/morgan-dant,morgan-dant,constructed,unknown,1,trinity,60,2,1,2,3,0.8949,2,"Crossed Star Firearms is a Northern California firearms instructor offering CCW classes approved for residents from multiple counties including Butte, Contra Costa, Glenn, Lassen, Modoc, Nevada, Place"
spartan defense,Spartan Defense,https://www.getcarryclass.com/instructors/spartan-defense-25aaa08193,spartan-defense-25aaa08193,exact,not_indexed,2,amador|santa-clara,62,3,1,334,1,0.878,2,"Spartan Defense LLC is a veteran-owned firearms training company established in 2013 that provides safe and practical firearms instruction across Northern California. They offer training for handguns,"
spartan defense of california,Spartan Defense of California,https://www.getcarryclass.com/instructors/spartan-defense-of-california,spartan-defense-of-california,constructed,unknown,1,calaveras,61,3,1,164,1,0.878,2,"Established in 2013, Spartan Defense LLC is a veteran-owned firearms training company that teaches safe and practical firearms use across Northern California. They offer training on handguns, shotguns"
security & firearms training academy,Security & Firearms Training Academy,https://www.getcarryclass.com/instructors/security-firearms-training-academy-inc-27d4cfd0bc,security-firearms-training-academy-inc-27d4cfd0bc,fuzzy,not_indexed,1,calaveras,85,3,1,33,2,0.8691,2,"Security & Firearms Training Academy (SAFTA) is a 100% veteran-owned firearms training company serving the Sacramento region, created by Marine Corps Veterans, retired law enforcement agents, and priv"
"security & firearms training academy, inc.","Security & Firearms Training Academy, Inc.",https://www.getcarryclass.com/instructors/security-firearms-training-academy-inc-27d4cfd0bc,security-firearms-training-academy-inc-27d4cfd0bc,exact,not_indexed,1,placer,81,3,1,33,2,0.8691,2,"Security & Firearms Training Academy (SAFTA) is a 100% veteran-owned training academy founded by Marine Corps Veterans, retired law enforcement agents, and private security veterans. They offer CCW tr"
shooters paradise,Shooters Paradise,https://www.getcarryclass.com/instructors/shooters-paradise,shooters-paradise,constructed,unknown,1,yuba,71,3,1,323,1,0.853,2,"Shooter's Paradise is a veteran-owned and operated indoor shooting range and gun shop in Yuba City, serving as the only public indoor shooting range in the Yuba/Sutter area. They offer a 9-lane indoor"
hard focus firearms training,Hard Focus Firearms Training,https://www.getcarryclass.com/instructors/hard-focus-firearms-training-llc-78f8b158d7,hard-focus-firearms-training-llc-78f8b158d7,fuzzy,not_indexed,3,san-benito|stanislaus|tuolumne,68,3,1,0,4,0.8464,2,Hard Focus Firearms Training is dedicated to providing effective techniques in defensive shooting to protect students and their loved ones. They pride themselves on exceeding minimum standards by prov
safe insight,Safe Insight,https://www.getcarryclass.com/instructors/safe-insight-39eb5c9de9,safe-insight-39eb5c9de9,ambiguous_exact,not_indexed,5,el-dorado|lassen|los-angeles|tuolumne|ventura,59,3,1,32,2,0.8392,2,"Safe Insight offers sheriff-approved online CCW training that allows students to complete sections at their own pace, featuring instruction from retired law enforcement. They provide one-on-one qualif"
"safe insight, llc","Safe Insight, LLC",https://www.getcarryclass.com/instructors/safe-insight-39eb5c9de9,safe-insight-39eb5c9de9,fuzzy,not_indexed,1,orange,65,3,1,32,2,0.8392,2,Safe Insight offers sheriff-approved online CCW training that allows students to complete sections at their own pace without spending weekends in classroom settings. The company provides training with
practical training solutions llc,Practical Training Solutions LLC,https://www.getcarryclass.com/instructors/practical-training-solutions-llc-1e730efa68,practical-training-solutions-llc-1e730efa68,exact,not_indexed,1,fresno,55,3,1,293,1,0.8328,2,"Practical Training Solutions LLC provides professional firearms training designed to equip civilians with the knowledge and skills to protect themselves and others. They proudly serve Tulare, Kern, Ki"
practical training solutions,Practical Training Solutions,https://www.getcarryclass.com/instructors/practical-training-solutions-318eb3c7e8,practical-training-solutions-318eb3c7e8,exact,not_indexed,2,kings|tulare,52,3,1,292,1,0.8328,2,"Practical Training Solutions is a professional firearms training company serving Tulare, Kern, Kings, and Fresno Counties in California. They provide comprehensive CCW training designed to equip civil"
lock-n-load,Lock-n-Load,https://www.getcarryclass.com/instructors/lock-n-load,lock-n-load,constructed,unknown,1,el-dorado,81,5,2,26,2,0.8325,2,"Lock n Load Concealed Carry Training is led by Dr. David Lungren, a certified California DOJ instructor approved to teach CCW courses for El Dorado, Placer, Sacramento, and Yolo counties. The training"
lock n load concealed carry,Lock N Load Concealed Carry,https://www.getcarryclass.com/instructors/lock-n-load-concealed-carry-030c3e6143,lock-n-load-concealed-carry-030c3e6143,exact,not_indexed,1,placer,77,5,2,26,2,0.8325,2,"Lock n Load Concealed Carry Training is operated by Dr. David Lungren, a California DOJ certified instructor approved to teach CCW courses for El Dorado, Placer, Sacramento, and Yolo counties. The com"
powers firearms training,Powers Firearms Training,https://www.getcarryclass.com/instructors/powers-firearms-training-cc547c5caa,powers-firearms-training-cc547c5caa,exact,not_indexed,2,inyo|tulare,86,3,1,289,1,0.8255,2,"Powers Firearms Training is a family-owned business serving Kern County for over 50 years, operated by Craig and Becky Powers. They offer specialized courses and certifications in Concealed Carry (CCW"
crossed star firearms,Crossed Star Firearms,https://www.getcarryclass.com/instructors/crossed-star-firearms-19d51aa5d6,crossed-star-firearms-19d51aa5d6,ambiguous_exact,not_indexed,8,glenn|lassen|nevada|placer|plumas|san-benito|sutter|yuba,79,3,1,2,3,0.8253,2,"Crossed Star Firearms is a Northern California firearms instructor offering CCW classes for residents of multiple counties including Butte, Contra Costa, Glenn, Lassen, Modoc, Nevada, Placer, Plumas, "
"mcgrew & associates, inc","McGrew & Associates, Inc",https://www.getcarryclass.com/instructors/mcgrew-associates-inc-f75201d271,mcgrew-associates-inc-f75201d271,exact,not_indexed,1,santa-clara,66,4,2,3,3,0.8174,2,"McGrew & Associates, Inc. is a highly qualified investigative and security consulting firm in San Jose that specializes in security training including Guard Card, firearms, and CCW courses. They bring"
"mcgrew & associates, inc.","McGrew & Associates, Inc.",https://www.getcarryclass.com/instructors/mcgrew-associates-inc-f75201d271,mcgrew-associates-inc-f75201d271,exact,not_indexed,1,santa-cruz,62,4,2,3,3,0.8174,2,"McGrew & Associates, Inc. is a highly qualified investigative and security consulting firm in San Jose that offers California CCW courses among other security training services. The company brings ove"
coco firearms training,Coco Firearms Training,https://www.getcarryclass.com/instructors/firearms-training-e51d601167,firearms-training-e51d601167,fuzzy,not_indexed,1,santa-clara,57,3,1,1,3,0.8087,2,"Coco Firearm Training LLC is an approved CCW training vendor for numerous Bay Area law enforcement agencies including Alameda SO, Contra Costa SO, Sacramento SO, and many others. Based out of Oakley, "
force defensive firearms training,Force Defensive Firearms Training,https://www.getcarryclass.com/instructors/defensive-firearms-training-llc-016e5d1f51,defensive-firearms-training-llc-016e5d1f51,fuzzy,not_indexed,1,riverside,65,3,1,19,2,0.8086,2,"Force Defensive Firearms Training offers small group CCW classes, private lessons, and firearms training in Murrieta, CA. They are a POST CCW, DOJ CA approved vendor serving multiple sheriff's departm"
force defensive firearms trng,Force Defensive Firearms Trng,https://www.getcarryclass.com/instructors/force-defensive-firearms-trng-008acfd29f,force-defensive-firearms-trng-008acfd29f,exact,not_indexed,1,san-diego,67,3,1,19,2,0.8086,2,"Force Defensive Firearms Training offers small group CCW classes, in and out of state CCW training, private lessons, and pistol, rifle, and safety classes in Murrieta, CA. They are a POST CCW, DOJ CA "
echo whiskey tactical,Echo Whiskey Tactical,https://www.getcarryclass.com/instructors/echo-whiskey-tactical-training-759ce0aceb,echo-whiskey-tactical-training-759ce0aceb,fuzzy,not_indexed,3,butte|plumas|shasta,73,3,1,15,2,0.8056,2,"Echo Whiskey Tactical is a veteran-owned business that provides firearms and personal defense instruction throughout California and Oregon, serving multiple counties including Shasta, Siskiyou, Tehama"
echo whiskey tactical training,Echo Whiskey Tactical Training,https://www.getcarryclass.com/instructors/echo-whiskey-tactical-training-759ce0aceb,echo-whiskey-tactical-training-759ce0aceb,exact,not_indexed,2,lassen|tehama,80,3,1,15,2,0.8056,2,"Echo Whiskey Tactical is a veteran-owned business that provides firearms and personal defense instruction through all levels of experience, from novice to expert. All instructors are certified and hig"
hansen firearms training ft3 tactical range,Hansen Firearms Training FT3 Tactical Range,https://www.getcarryclass.com/instructors/hansen-firearms-training-ft3-tactical-range,hansen-firearms-training-ft3-tactical-range,constructed,unknown,1,los-angeles,65,3,1,23,2,0.8023,2,"Hansen Firearms Training is Southern California's top rated firearms training company for concealed firearm permits. They offer CCW classes officially approved by Orange, San Diego, and Los Angeles Co"
hammer stryke,Hammer Stryke,https://www.getcarryclass.com/instructors/hammer-stryke,hammer-stryke,constructed,unknown,2,madera|mariposa,65,3,1,22,2,0.7981,2,"Hammer Stryke Self-Reliance Training is a California corporation providing advanced firearms training, CCW classes, and personal protection skills throughout central California. They operate training "
edward davies,Edward Davies,https://www.getcarryclass.com/instructors/edward-davies,edward-davies,constructed,unknown,1,mendocino,66,3,1,302,1,0.7969,2,"Redwood Practical Shooters is an IDPA and NRA affiliated shooting club on the Mendocino Coast of California, serving the Fort Bragg, Caspar, and Mendocino areas. They offer CCW classes, handgun skill-"
marco a. innocenti,Marco A. Innocenti,https://www.getcarryclass.com/instructors/marco-a-innocenti-9e8608fa9d,marco-a-innocenti-9e8608fa9d,exact,not_indexed,1,mendocino,57,3,1,301,1,0.7969,2,"Redwood Practical Shooters is a shooting club affiliated with IDPA and NRA located on the Mendocino Coast near Fort Bragg, California. They offer CCW classes, handgun skill-builder classes, and variou"
freedom firearms accessories & ccw training,Freedom Firearms Accessories & CCW Training,https://www.getcarryclass.com/instructors/freedom-firearms-accessories-ccw-training-49577f578d,freedom-firearms-accessories-ccw-training-49577f578d,exact,not_indexed,1,fresno,63,3,1,189,1,0.7948,2,"Freedom Firearms is a firearms training company led by Rick Field, a former SWAT Law Enforcement Officer, Army Combat Medic, and Law Enforcement Certified Firearms Instructor. They offer comprehensive"
freedom firearms,Freedom Firearms,https://www.getcarryclass.com/instructors/freedom-firearms,freedom-firearms,constructed,unknown,2,madera|tulare,63,3,1,190,1,0.7948,2,"Freedom Firearms is led by Rick Field, a SWAT Law Enforcement Officer, Army Combat Medic, and Law Enforcement Certified Firearms Instructor who brings real-world experience to firearms education. They"
defensive accuracy firearms training,Defensive Accuracy Firearms Training,https://www.getcarryclass.com/instructors/defensive-firearms-training-llc-016e5d1f51,defensive-firearms-training-llc-016e5d1f51,fuzzy,not_indexed,1,san-joaquin,46,3,1,140,1,0.7928,2,"Defensive Accuracy Firearms Training provides California CCW instruction and training services in the Bay Area and Central California region. They offer initial CCW courses, renewals, modifications, p"
alpha culture llc,Alpha Culture LLC,https://www.getcarryclass.com/instructors/alpha-culture-fd45da4492,alpha-culture-fd45da4492,fuzzy,not_indexed,1,los-angeles,53,3,1,63,1,0.7926,2,"Alpha Culture LLC is a firearms training company that provides holistic approach training with both field and classroom instruction. They offer Basic Firearms courses, USCCA courses, and Basic CPR & L"
alpha culture,Alpha Culture,https://www.getcarryclass.com/instructors/alpha-culture-fd45da4492,alpha-culture-fd45da4492,exact,not_indexed,1,san-diego,51,4,2,8,2,0.7926,2,"Alpha Culture L.L.C. provides firearms training with a holistic approach combining in-field and classroom instruction. They offer USCCA courses, basic firearms training, and CPR & life support classes"
alphaculture llc,AlphaCulture LLC,https://www.getcarryclass.com/instructors/alphaculture-llc,alphaculture-llc,constructed,unknown,1,riverside,42,3,1,8,2,0.7915,2,"Alpha Culture L.L.C. is a firearms training company that provides holistic training combining both field and classroom instruction. They offer USCCA courses, basic firearms training, and CPR & life su"
protection plus tactics,Protection Plus Tactics,https://www.getcarryclass.com/instructors/protection-plus-tactics-llc-97fcd0e6fa,protection-plus-tactics-llc-97fcd0e6fa,fuzzy,not_indexed,2,amador|nevada,83,3,1,296,1,0.7888,2,"Protection Plus Tactics is Northern California's elite gun shop and training academy located in Loomis, CA, specializing in self-defense firearms sales, services, and training. They offer both private"
"protection plus tactics, llc","Protection Plus Tactics, LLC",https://www.getcarryclass.com/instructors/protection-plus-tactics-llc-97fcd0e6fa,protection-plus-tactics-llc-97fcd0e6fa,exact,not_indexed,1,placer,82,3,1,297,1,0.7888,2,"Protection Plus Tactics, LLC is Northern California's elite gun shop and training academy located in Loomis, specializing in self-defense firearms sales, services, and training. They offer both privat"
"kiwi's custom guns, inc.","Kiwi's Custom Guns, Inc.",https://www.getcarryclass.com/instructors/kiwis-custom-guns-inc,kiwis-custom-guns-inc,constructed,unknown,1,calaveras,71,3,1,24,2,0.7873,2,Kiwi's Custom Guns operates a state-of-the-art climate controlled indoor shooting range with five 25-yard lanes capable of handling any caliber up to .50 BMG. The facility features Action Target's lat
kiwi's custom guns,Kiwi's Custom Guns,https://www.getcarryclass.com/instructors/kiwis-custom-guns,kiwis-custom-guns,constructed,unknown,2,merced|tuolumne,68,3,1,24,2,0.7873,2,Kiwi's Custom Guns operates a state-of-the-art climate-controlled indoor shooting range with five 25-yard lanes capable of handling calibers up to .50 BMG. The facility features advanced Action Target
kiwi's custom guns inc.,Kiwi's Custom Guns Inc.,https://www.getcarryclass.com/instructors/kiwis-custom-guns-inc,kiwis-custom-guns-inc,constructed,unknown,1,stanislaus,59,4,2,229,1,0.7756,2,Kiwi's Custom Guns Inc. operates a state-of-the-art climate controlled indoor shooting range with five 25-yard lanes capable of handling calibers up to .50BMG. The facility features advanced Action Ta
bay area tactical (bat),Bay Area Tactical (BAT),https://www.getcarryclass.com/instructors/bay-area-tactical-group-bat-tactical-4903e3cbaa,bay-area-tactical-group-bat-tactical-4903e3cbaa,fuzzy,not_indexed,1,san-joaquin,77,3,1,90,1,0.7677,2,"Bay Area Tactical Group (BAT) is the premier destination for tactical and firearms training in the Bay Area, led by certified and experienced instructors. They offer a comprehensive range of courses f"
bay area tactical group,Bay Area Tactical Group,https://www.getcarryclass.com/instructors/bay-area-tactical-group-bat-tactical-4903e3cbaa,bay-area-tactical-group-bat-tactical-4903e3cbaa,fuzzy,not_indexed,1,santa-clara,81,3,1,10,2,0.7677,2,"Bay Area Tactical Group (BAT Tactical) is the premier destination for tactical and firearms training in the Bay Area, led by certified and experienced instructors. They offer a comprehensive range of "
silicon valley tactical,Silicon Valley Tactical,https://www.getcarryclass.com/instructors/silicon-valley-tactical-a754d9bb65,silicon-valley-tactical-a754d9bb65,exact,not_indexed,1,santa-clara,62,3,1,328,1,0.7659,2,"Silicon Valley Tactical (SVT) is a comprehensive firearm training company serving Campbell, CA offering programs from beginner to expert levels. They provide personalized CCW training including 16-hou"
silicon valley tactical firearm instruction,Silicon Valley Tactical Firearm Instruction,https://www.getcarryclass.com/instructors/silicon-valley-tactical-firearm-instruction,silicon-valley-tactical-firearm-instruction,constructed,unknown,1,santa-cruz,70,3,1,329,1,0.7659,2,"Silicon Valley Tactical (SVT) provides comprehensive firearm training programs from beginner to expert levels in Campbell, CA. They offer personalized learning experiences with friendly and experience"
bat tactical (bay area tactical group),BAT Tactical (Bay Area Tactical Group),https://www.getcarryclass.com/instructors/bay-area-tactical-group-bat-tactical-4903e3cbaa,bay-area-tactical-group-bat-tactical-4903e3cbaa,fuzzy,not_indexed,1,santa-cruz,68,3,1,88,1,0.7597,2,BAT Tactical (Bay Area Tactical Group) is the premier destination for tactical and firearms training in the Bay Area. Their expert certified instructors provide comprehensive programs from basic handg
bay area tactical,Bay Area Tactical,https://www.getcarryclass.com/instructors/bay-area-tactical,bay-area-tactical,constructed,unknown,1,solano,76,3,1,91,1,0.7597,2,Bay Area Tactical Group is a premier tactical and firearms training company serving the Bay Area with expert instructors providing education and support for all skill levels. They offer a wide range o
"first priority security consulting, llc","First Priority Security Consulting, LLC",https://www.getcarryclass.com/instructors/first-priority-security-consulting-llc-69868f713a,first-priority-security-consulting-llc-69868f713a,exact,not_indexed,1,merced,66,3,1,18,2,0.7585,2,First Priority Security Consulting LLC is a fully licensed FFL01/07 firearms business that provides safe and affordable firearms training to citizens in San Joaquin and surrounding counties. They offe
first priority security consulting llc,First Priority Security Consulting LLC,https://www.getcarryclass.com/instructors/first-priority-security-consulting-llc-69868f713a,first-priority-security-consulting-llc-69868f713a,exact,not_indexed,1,santa-clara,61,3,1,18,2,0.7585,2,First Priority Security Consulting LLC is a fully licensed FFL01/07 firearms business providing safe and affordable firearms training to citizens in San Joaquin and surrounding counties. They offer CC
april skye defense tactics,April Skye Defense Tactics,https://www.getcarryclass.com/instructors/april-skye-defense-tactics-ebbafbbcb5,april-skye-defense-tactics-ebbafbbcb5,exact,not_indexed,2,fresno|tulare,62,2,1,9,2,0.7494,2,"April Skye Defense Tactics is run by April Skye Parsons, a certified firearms instructor for California, Utah and Tennessee who offers CCW classes for Tulare, Kings, Fresno and Madera Counties. She ho"
april-skye defense tactics,April-Skye Defense Tactics,https://www.getcarryclass.com/instructors/april-skye-defense-tactics-ebbafbbcb5,april-skye-defense-tactics-ebbafbbcb5,exact,not_indexed,1,madera,86,3,1,9,2,0.7494,2,"April Skye Defense Tactics is run by April Skye Parsons, a certified firearms instructor for California, Utah and Tennessee who offers CCW classes for Tulare, Kings, Fresno and Madera Counties in Cali"
protector ccw & firearms,Protector CCW & Firearms,https://www.getcarryclass.com/instructors/protector-ccw-firearms-trng-6a023984e6,protector-ccw-firearms-trng-6a023984e6,fuzzy,not_indexed,1,riverside,57,3,1,31,2,0.7491,2,Protector CCW & Firearms Training provides 16-hour Initial and 8-hour Renewal CCW courses for Riverside and San Diego Counties. Their instructors bring over 26 years of actual field experience from fe
protector ccw & firearms trng,Protector CCW & Firearms Trng,https://www.getcarryclass.com/instructors/protector-ccw-firearms-trng-6a023984e6,protector-ccw-firearms-trng-6a023984e6,exact,not_indexed,1,san-diego,59,3,1,31,2,0.7491,2,Protector CCW & Firearms Training provides 16-hour Initial and 8-hour Renewal CCW courses for Riverside and San Diego Counties. Their instructors are former USBP Law Enforcement with over 26 years of 
lagomarsino's firearm,Lagomarsino's Firearm,https://www.getcarryclass.com/instructors/lagomarsinos-firearm,lagomarsinos-firearm,constructed,unknown,1,amador,62,3,1,237,1,0.7398,2,"Lagomarsino's Firearms Institute offers California CCW courses three times per month in the Sacramento area, taught by instructor Wes Lagomarsino. The institute provides both initial 16-hour CCW cours"
"lagomarsino's firearms institute, inc.","Lagomarsino's Firearms Institute, Inc.",https://www.getcarryclass.com/instructors/lagomarsinos-firearms-institute-inc,lagomarsinos-firearms-institute-inc,constructed,unknown,1,placer,70,3,1,25,2,0.7398,2,"Lagomarsino's Firearms Institute is a Sacramento-based firearms training company led by instructor Wes Lagomarsino. They offer California initial and renewal CCW courses three times per month, as well"
paco villareal,Paco Villareal,https://www.getcarryclass.com/instructors/paco-villareal,paco-villareal,constructed,unknown,1,madera,64,4,2,7,2,0.737,2,559CCW provides online and in-person California CCW training led by a U.S. Marine Corps veteran and DOJ-certified instructor. They offer 16-hour initial courses and 8-hour renewal courses that meet al
559 ccw,559 CCW,https://www.getcarryclass.com/instructors/559-ccw,559-ccw,constructed,unknown,2,merced|plumas,72,4,2,45,1,0.737,2,"559CCW is a California online CCW training provider serving Fresno, Tulare, Madera, Merced, Plumas, and Kings County residents. They offer both online and in-person CCW courses, including 16-hour init"
2a firearms academy,2A Firearms Academy,https://www.getcarryclass.com/instructors/2a-firearms-academy-03b19d6aeb,2a-firearms-academy-03b19d6aeb,exact,not_indexed,2,marin|solano,67,3,1,6,2,0.7361,2,2A Firearms Academy is a Bay Area firearms training company founded by certified instructors Doug Kevilus and Ryan Lewis. They provide CCW certification training accepted by over 30 jurisdictions thro
2nd amendment firearms academy,2nd AMENDMENT FIREARMS ACADEMY,https://www.getcarryclass.com/instructors/2nd-amendment-firearms-academy,2nd-amendment-firearms-academy,constructed,unknown,2,contra-costa|sonoma,70,4,2,6,2,0.7361,2,2A Firearms Academy is a Bay Area-based firearms training company founded by U.S. Army veteran Doug Kevilus and co-founder Ryan Lewis. The academy specializes in California CCW certification and defen
mcgrew & associates inc.,McGrew & Associates Inc.,https://www.getcarryclass.com/instructors/mcgrew-associates-inc-f75201d271,mcgrew-associates-inc-f75201d271,exact,not_indexed,1,san-benito,79,4,2,3,3,0.7197,2,"McGrew & Associates, Inc. is a highly qualified investigative and security consulting firm located in San Jose, CA, with over 100 years of combined experience in law enforcement, security and investig"
medic up consulting,Medic Up Consulting,https://www.getcarryclass.com/instructors/medic-up-consulting-llc-afdadc7abb,medic-up-consulting-llc-afdadc7abb,fuzzy,not_indexed,1,los-angeles,67,3,1,27,2,0.7184,2,"Medic Up Consulting LLC is a deputy-led CCW training company serving Los Angeles, Orange, and San Bernardino counties with SB2 compliant courses. They offer comprehensive training that combines firear"
medic up consulting llc,Medic Up Consulting LLC,https://www.getcarryclass.com/instructors/medic-up-consulting-llc-afdadc7abb,medic-up-consulting-llc-afdadc7abb,exact,not_indexed,1,riverside,59,3,1,27,2,0.7184,2,"Medic Up Consulting LLC is a deputy-led CCW training company serving Los Angeles, Orange, and San Bernardino counties. They provide SB2 compliant training that combines firearms instruction with medic"
jlpfi,JLPFI,https://www.getcarryclass.com/instructors/jlpfi-d04be8402c,jlpfi-d04be8402c,exact,not_indexed,2,mariposa|tulare,74,3,1,218,1,0.7158,2,John Lewis Professional Firearms Instruction (JLPFI) is a Central Valley firearms training company that specializes in concealed weapons courses and advanced firearms instruction. Led by instructor Jo
john lewis professional firearms instruction,John Lewis Professional Firearms Instruction,https://www.getcarryclass.com/instructors/jlpfi-d04be8402c,jlpfi-d04be8402c,domain,not_indexed,1,merced,75,3,1,219,1,0.7158,2,"John Lewis Professional Firearms Instruction is a professional firearms training business in Clovis, California that specializes in concealed weapons permit courses and advanced firearms instruction. "
one on one firearms instruction llc,One on One Firearms Instruction LLC,https://www.getcarryclass.com/instructors/one-on-one-firearms-instruction-llc-f049927346,one-on-one-firearms-instruction-llc-f049927346,exact,not_indexed,1,el-dorado,80,3,1,273,1,0.7102,2,"ONE on ONE Firearms Instruction LLC has been Northern California's premier destination for expert firearms training since 2009. They specialize in California CCW training, offering both Initial-Issue "
one on one firearms,One on One Firearms,https://www.getcarryclass.com/instructors/one-on-one-firearms-instruction-llc-f049927346,one-on-one-firearms-instruction-llc-f049927346,fuzzy,not_indexed,3,lassen|napa|nevada,92,4,2,272,1,0.7102,2,"ONE on ONE Firearms has been Northern California's premier destination for expert firearms training since 2009. Their highly-rated firearms instructors have taught thousands of students, providing gro"
basic gun safety ft3 tactical range,Basic Gun Safety FT3 Tactical Range,https://www.getcarryclass.com/instructors/basic-gun-safety-ft3-tactical-range-4b4ff9175f,basic-gun-safety-ft3-tactical-range-4b4ff9175f,exact,not_indexed,1,los-angeles,78,5,2,85,1,0.7072,2,"Basic Gun Safety is led by Roger Harvey, a retired Army Colonel and current U.S. Military Pentathlon Team coach who trains at the U.S. Olympic Training Center. The facility features a $30,000 LaserSho"
basic gun safety,Basic Gun Safety,https://www.getcarryclass.com/instructors/basic-gun-safety,basic-gun-safety,constructed,unknown,1,orange,73,4,2,86,1,0.7072,2,"Basic Gun Safety is operated by Roger Harvey, a POST Firearms Instructor, NRA Training Counselor, and coach of the U.S. Military Pentathlon Team who has trained numerous World Champions. The training "
critical advantage consulting,Critical Advantage Consulting,https://www.getcarryclass.com/instructors/critical-advantage-consulting,critical-advantage-consulting,constructed,unknown,1,ventura,56,3,1,134,1,0.6884,2,Critical Advantage Consulting is a veteran and honorably retired law enforcement owned training company founded in 2019 with 53 years of combined law enforcement experience. They specialize in safety 
action firearms training,Action Firearms Training,https://www.getcarryclass.com/instructors/action-firearms-training-3e2c8a1aa8,action-firearms-training-3e2c8a1aa8,exact,not_indexed,1,ventura,58,3,1,55,1,0.6884,2,Action Firearms Training is a veteran and honorably retired law enforcement owned company founded in 2019 with 53 years of combined law enforcement experience. They specialize in safety and firearms t
sttarr – sierra tactical training,STTARR – Sierra Tactical Training,https://www.getcarryclass.com/instructors/sttarr-sierra-tactical-training,sttarr-sierra-tactical-training,constructed,unknown,1,inyo,71,3,1,4,3,0.6858,2,"Sierra Tactical Training and Active Response Resources (STTARR) is located in Bishop, California and provides certified CCW training for Inyo and Mono Counties. They offer both 16-hour initial CCW cou"
sttarr,STTARR,https://www.getcarryclass.com/instructors/sttarr,sttarr,constructed,unknown,1,yuba,64,3,1,4,3,0.6858,2,"Sierra Tactical Training and Active Response Resources (STTARR) is located in Bishop, California and provides certified CCW training for Inyo and Mono Counties. They offer both online and in-person co"
"tap rack bang, llc","Tap Rack Bang, LLC",https://www.getcarryclass.com/instructors/tap-rack-bang-training-c8e3a90d09,tap-rack-bang-training-c8e3a90d09,fuzzy,not_indexed,1,orange,76,3,1,347,1,0.6738,2,"Tap Rack Bang, LLC is a professional firearms training company that serves as the full-time occupation of its instructors, with over 30+ combined years of experience training US Marines, law enforceme"
"tap, rack, bang","Tap, Rack, Bang",https://www.getcarryclass.com/instructors/tap-rack-bang-training-c8e3a90d09,tap-rack-bang-training-c8e3a90d09,fuzzy,not_indexed,1,san-diego,67,3,1,344,1,0.6738,2,Tap Rack Bang is a full-time firearms training company that specializes in CCW training and civilian defense education. Led by instructors with over 30 combined years of experience training US Marines
tactical 360,Tactical 360,https://www.getcarryclass.com/instructors/tactical-360,tactical-360,constructed,unknown,1,fresno,71,3,1,36,2,0.6731,2,"Tactical 360 is a firearms training company located in Bakersfield, Kern County, California, led by certified instructor Chris Martinez who has over 30 years of experience. They provide training to la"
tactical 360 firearms training,Tactical 360 Firearms Training,https://www.getcarryclass.com/instructors/tactical-360-firearms-training-23d712e2c3,tactical-360-firearms-training-23d712e2c3,exact,not_indexed,1,tulare,65,3,1,36,2,0.6731,2,"Tactical 360 is a firearms training company located in Bakersfield, California, led by certified instructor Chris Martinez with over 30 years of experience. They specialize in training law enforcement"
twin cities rod and gun,Twin Cities Rod and Gun,https://www.getcarryclass.com/instructors/twin-cities-rod-and-gun-club-88132675d0,twin-cities-rod-and-gun-club-88132675d0,fuzzy,not_indexed,1,sutter,55,3,1,5,3,0.667,2,"Twin Cities Rod and Gun Club offers monthly concealed carry weapon classes taught by NRA certified instructors. Classes meet training requirements for Yuba, Sutter & Colusa County residents and are he"
twin cities rod and gun club,Twin Cities Rod and Gun Club,https://www.getcarryclass.com/instructors/twin-cities-rod-and-gun-club-88132675d0,twin-cities-rod-and-gun-club-88132675d0,exact,not_indexed,1,yuba,65,3,1,5,3,0.667,2,"Twin Cities Rod and Gun Club offers monthly concealed carry weapon classes taught by NRA certified instructors. The club serves Yuba, Sutter, and Colusa County residents with state-approved training c"
fresno rifle & pistol club,Fresno Rifle & Pistol Club,https://www.getcarryclass.com/instructors/fresno-rifle-pistol-club-f0ff91f678,fresno-rifle-pistol-club-f0ff91f678,exact,not_indexed,1,fresno,77,3,1,20,2,0.6668,2,"Fresno Rifle and Pistol Club is an outdoor recreational shooting facility located 15 minutes from Fresno and Clovis on 220 acres at the base of the Sierra foothills. Incorporated in 1934, FRPC provide"
fresno rifle and pistol club,Fresno Rifle and Pistol Club,https://www.getcarryclass.com/instructors/fresno-rifle-pistol-club-f0ff91f678,fresno-rifle-pistol-club-f0ff91f678,fuzzy,not_indexed,1,madera,64,3,1,20,2,0.6668,2,"Fresno Rifle and Pistol Club is an outdoor recreational shooting facility located 15 minutes from Fresno and Clovis on 220 acres at the base of the Sierra foothills. Incorporated in 1934, FRPC provide"
bull's eye firearms,Bull's Eye Firearms,https://www.getcarryclass.com/instructors/bulls-eye-firearms,bulls-eye-firearms,constructed,unknown,1,modoc,64,4,2,11,2,0.6657,2,"Bullseye Tactical Firearms Training provides CCW permit classes and tactical firearms training in the Redding, Shasta County, Mt. Shasta, and Siskiyou County area of California. They offer small, priv"
bullseye tactical firearms training,Bullseye Tactical Firearms Training,https://www.getcarryclass.com/instructors/bullseye-tactical-firearms-360da88bb6,bullseye-tactical-firearms-360da88bb6,fuzzy,not_indexed,1,siskiyou,77,4,2,102,1,0.6657,2,"Bullseye Tactical Firearms Training provides convenient CCW permit classes, tactical handgun training, and tactical rifle training in the Redding, Shasta County, Mt. Shasta, and Siskiyou County area o"
bay area tactical group (bat tactical),Bay Area Tactical Group (BAT Tactical),https://www.getcarryclass.com/instructors/bay-area-tactical-group-bat-tactical-4903e3cbaa,bay-area-tactical-group-bat-tactical-4903e3cbaa,exact,not_indexed,3,contra-costa|marin|san-benito,79,3,1,10,2,0.6613,2,"Bay Area Tactical Group (BAT Tactical) is the premier destination for tactical and firearms training in the Bay Area, offering courses for all skill levels from basic handgun training to advanced tact"
lagomarsino's firearm institute inc,Lagomarsino's Firearm Institute Inc,https://www.getcarryclass.com/instructors/lagomarsinos-firearm-institute-inc,lagomarsinos-firearm-institute-inc,constructed,unknown,1,el-dorado,61,3,1,25,2,0.6593,2,"Lagomarsino's Firearms Institute is a Sacramento-based training company operated by instructor Wes Lagomarsino. They offer California initial and renewal CCW courses three times per month, as well as "
zaks guns,Zaks Guns,https://www.getcarryclass.com/instructors/zaks-guns-2e4896627d,zaks-guns-2e4896627d,exact,not_indexed,1,fresno,63,3,1,38,2,0.6577,2,"Zaks Guns LLC is a firearms retailer dedicated to providing competitive prices and customer service in the firearms industry. They specialize in firearm transfers, ammunition sales, and serve as a Blu"
zaks guns llc,Zaks Guns LLC,https://www.getcarryclass.com/instructors/zaks-guns-2e4896627d,zaks-guns-2e4896627d,fuzzy,not_indexed,2,madera|tulare,57,2,1,38,2,0.6577,2,"Zaks Guns LLC is a firearms dealer specializing in gun sales, transfers, and ammunition services with competitive pricing and customer service focus. They handle firearm and ammunition transfers from "
tap rack bang training,Tap Rack Bang Training,https://www.getcarryclass.com/instructors/tap-rack-bang-training-c8e3a90d09,tap-rack-bang-training-c8e3a90d09,exact,not_indexed,1,riverside,65,3,1,345,1,0.6564,2,"Tap Rack Bang Training is a full-time firearms training company with over 30 combined years of experience training US Marines, law enforcement, and civilians. They offer CCW courses, private training "
sierra tactical training and active response,Sierra Tactical Training and Active Response,https://www.getcarryclass.com/instructors/sierra-tactical-training-and-active-response-9979afae8d,sierra-tactical-training-and-active-response-9979afae8d,exact,not_indexed,1,sutter,80,3,1,4,3,0.6553,2,"Sierra Tactical Training and Active Response Resources is located in Bishop, California and provides certified CCW classes for Inyo and Mono Counties. They offer both initial 16-hour CCW certification"
lagomarsino's firearms institute,Lagomarsino's Firearms Institute,https://www.getcarryclass.com/instructors/lagomarsinos-firearms-institute,lagomarsinos-firearms-institute,constructed,unknown,1,calaveras,63,3,1,238,1,0.6378,3,"Lagomarsino's Firearms Institute offers CCW courses and comprehensive firearms training in Sacramento. Led by instructor Wes Lagomarsino, they provide California initial and renewal courses three time"
jlpfi - john lewis professional firearms instruction,JLPFI - John Lewis Professional Firearms Instruction,https://www.getcarryclass.com/instructors/jlpfi-d04be8402c,jlpfi-d04be8402c,domain,not_indexed,1,fresno,77,3,1,217,1,0.6374,3,"JLPFI (John Lewis Professional Firearms Instruction) is a Central Valley firearms training provider offering CCW courses approved by multiple law enforcement agencies including Fresno County Sheriff, "
afi crossed star firearms,AFI Crossed Star Firearms,https://www.getcarryclass.com/instructors/crossed-star-firearms-19d51aa5d6,crossed-star-firearms-19d51aa5d6,fuzzy,not_indexed,1,butte,61,3,1,60,1,0.6359,3,"AFI Crossed Star Firearms is a Northern California firearms instructor offering CCW classes and comprehensive firearms training for all levels of shooters. They provide 16-hour initial CCW courses, 8-"
nts next threat solutions,NTS Next Threat Solutions,https://www.getcarryclass.com/instructors/next-threat-solutions-e0c94c4161,next-threat-solutions-e0c94c4161,fuzzy,not_indexed,1,amador,57,2,1,28,2,0.6304,3,Next Threat Solutions is a firearms training company that actively supports the sustainment and growth of responsibly armed and prepared American communities through personal protection and individual
next threat solutions,Next Threat Solutions,https://www.getcarryclass.com/instructors/next-threat-solutions-e0c94c4161,next-threat-solutions-e0c94c4161,exact,not_indexed,1,placer,40,2,1,28,2,0.6304,3,Next Threat Solutions is a firearms training company that focuses on personal protection and individual resilience education. Their mission is to actively support the sustainment and growth of respons
state of jefferson firearms training,State of Jefferson Firearms Training,https://www.getcarryclass.com/instructors/state-of-jefferson-firearms-training-ebaf684940,state-of-jefferson-firearms-training-ebaf684940,exact,not_indexed,4,glenn|siskiyou|tehama|trinity,73,3,1,35,2,0.6297,3,"State of Jefferson Firearms Training is a certified firearms training center serving North State California residents including Tehama, Shasta, Glenn, Trinity, Lassen and Siskiyou counties. They offer"
state of jefferson firearms,State of Jefferson Firearms,https://www.getcarryclass.com/instructors/state-of-jefferson-firearms-training-ebaf684940,state-of-jefferson-firearms-training-ebaf684940,fuzzy,not_indexed,1,shasta,65,3,1,35,2,0.6297,3,"State of Jefferson Firearms Training is a certified CCW training center serving North State California residents across multiple counties including Tehama, Shasta, Glenn, Trinity, Lassen, and Siskiyou"
shootsafe academy ft3 tactical range,ShootSafe Academy FT3 Tactical Range,https://www.getcarryclass.com/instructors/shootsafe-academy-ft3-tactical-range,shootsafe-academy-ft3-tactical-range,constructed,unknown,1,los-angeles,63,3,1,34,2,0.6274,3,"Shootsafe Academy has been providing professional firearms instruction to Southern California for over 13 years, serving Orange, Los Angeles, Riverside and San Diego counties. They offer 16-hour basic"
shootsafe academy,ShootSafe Academy,https://www.getcarryclass.com/instructors/shootsafe-academy-ce1b14c354,shootsafe-academy-ce1b14c354,exact,not_indexed,3,orange|riverside|san-diego,72,3,1,34,2,0.6274,3,"Shootsafe Academy has been providing professional firearms instruction to Orange County for over 13 years, recently expanding services to Riverside, Los Angeles, and San Diego counties. They specializ"
vip ccw services lax airport range,VIP CCW Services LAX Airport Range,https://www.getcarryclass.com/instructors/vip-ccw-services-lax-airport-range-dc0a01bcc1,vip-ccw-services-lax-airport-range-dc0a01bcc1,exact,not_indexed,1,los-angeles,70,3,1,37,2,0.6266,3,"VIP CCW Services has been providing California CCW permit training since 2015, operating seven days a week with modular formatted classes to accommodate busy schedules. They are authorized training pr"
vip ccw services,VIP CCW Services,https://www.getcarryclass.com/instructors/vip-ccw-services,vip-ccw-services,constructed,unknown,2,orange|san-diego,82,3,1,37,2,0.6266,3,VIP CCW Services has been providing California CCW permit training since 2015 in adherence to CA Penal Code 26165. They offer modular formatted classes seven days a week with hybrid online/in-person t
559 ccw llc,559 CCW LLC,https://www.getcarryclass.com/instructors/559-ccw-llc,559-ccw-llc,constructed,unknown,1,modoc,73,4,2,46,1,0.6243,3,"559CCW LLC provides online and in-person California CCW training courses serving residents of Fresno, Tulare, Kings, Merced, Madera, and Plumas counties. Led by a California DOJ-certified instructor a"
dobbs firearms training,Dobbs Firearms Training,https://www.getcarryclass.com/instructors/firearms-training-e51d601167,firearms-training-e51d601167,fuzzy,not_indexed,1,calaveras,44,2,1,154,1,0.6223,3,"Dobbs Firearms Training provides California CCW renewal courses that satisfy the 8-hour SB2 training requirements for multiple counties including Calaveras, Contra Costa, Solano, Napa, Sacramento, and"
dobbs firearm training,Dobbs Firearm Training,https://www.getcarryclass.com/instructors/dobbs-firearm-training-decade8294,dobbs-firearm-training-decade8294,exact,not_indexed,2,contra-costa|solano,48,3,1,153,1,0.6223,3,"Dobbs Firearm Training provides California CCW training courses, specializing in 8-hour SB2 training requirements for permit renewals. They serve multiple counties including Calaveras, Contra Costa, S"
jones fort,Jones Fort,https://www.getcarryclass.com/instructors/jones-fort-cb9d340ee2,jones-fort-cb9d340ee2,exact,not_indexed,2,shasta|siskiyou,48,3,1,222,1,0.6196,3,"Jones' Fort is a gun shop serving Redding since 1962, offering firearms sales, transfers, and California regulatory compliance assistance. They buy, sell, and trade new and used firearms with a 1-Year"
jones' fort gun shop,Jones' Fort Gun Shop,https://www.getcarryclass.com/instructors/jones-fort-gun-shop,jones-fort-gun-shop,constructed,unknown,1,tehama,60,3,1,221,1,0.6196,3,Jones' Fort Gun Shop has been serving Redding since 1962 as a full-service firearms dealer offering new and used guns with a 1-year warranty. Their qualified staff provides first-hand knowledge to hel
bob saylor,Bob Saylor,https://www.getcarryclass.com/instructors/bob-saylor-b8fdf29caf,bob-saylor-b8fdf29caf,exact,not_indexed,1,del-norte,39,2,1,100,1,0.6139,3,Bob Saylor is a certified NRA firearms instructor and retired law enforcement officer serving Del Norte County. He is recognized by the Del Norte County Sheriff's Office as an authorized CCW instructo
ed fleshman,Ed Fleshman,https://www.getcarryclass.com/instructors/ed-fleshman-e0039171b7,ed-fleshman-e0039171b7,exact,not_indexed,1,del-norte,34,2,1,161,1,0.6139,3,Ed Fleshman is a former Del Norte County Sheriff and certified CCW instructor with law enforcement credentials including California POST and FBI certifications. He serves as an approved CCW instructor
"forza defense training, llc","Forza Defense Training, LLC",https://www.getcarryclass.com/instructors/forza-defense-training-756514ead2,forza-defense-training-756514ead2,fuzzy,not_indexed,1,orange,78,3,1,185,1,0.5995,3,"Forza Defense Training, LLC is Orange County's premier concealed weapon training company, led by CEO and founder Gina who operates the business from a passion for competitive shooting rather than trad"
forza defense training,Forza Defense Training,https://www.getcarryclass.com/instructors/forza-defense-training-756514ead2,forza-defense-training-756514ead2,exact,not_indexed,1,san-diego,66,3,1,184,1,0.5995,3,"Forza Defense Training is Orange and San Diego County's premier concealed weapon training provider, led by CEO and founder Gina whose instructors are trained by NRA and USCCA. Their CCW courses are ac"
trb training ft3 tactical range,TRB Training FT3 Tactical Range,https://www.getcarryclass.com/instructors/trb-training-ft3-tactical-range,trb-training-ft3-tactical-range,constructed,unknown,1,los-angeles,57,3,1,346,1,0.5933,3,"Tap Rack Bang Training specializes in practical firearms instruction for civilian defenders, offering CCW training courses and advanced pistol/rifle classes. They operate as relentless 2nd Amendment a"
gallardo firearms training,Gallardo Firearms Training,https://www.getcarryclass.com/instructors/gallardo-firearms-training-fa5d1c18a9,gallardo-firearms-training-fa5d1c18a9,exact,not_indexed,1,kings,62,3,1,21,2,0.5874,3,"Gallardo Firearms Training is operated by two brothers, Jesus and Adolfo Gallardo, who are military veterans and competitive shooters with law enforcement experience. They provide CCW training for Tul"
galardo firearms training,Galardo Firearms Training,https://www.getcarryclass.com/instructors/firearms-training-e51d601167,firearms-training-e51d601167,fuzzy,not_indexed,1,tulare,61,3,1,21,2,0.5874,3,"Gallardo Firearms Training is operated by two military veteran brothers, Jesus and Adolfo Gallardo, who provide CCW training in Tulare and Kings counties. They offer both initial and renewal CCW class"
rankin field weapons range,Rankin Field Weapons Range,https://www.getcarryclass.com/instructors/rankin-field-weapons-range,rankin-field-weapons-range,constructed,unknown,1,kings,50,3,1,300,1,0.5844,3,"Rankin Field Weapons Range is Central California's ultimate weapons range offering firearms training and CCW permit services. They provide multiple pistol ranges, a 100-yard rifle range, and flexible "
rankin field,Rankin Field,https://www.getcarryclass.com/instructors/rankin-field-5283afad11,rankin-field-5283afad11,exact,not_indexed,1,tulare,59,3,1,299,1,0.5844,3,"Rankin Field Weapons Range is a public shooting facility in Central California offering multiple pistol ranges, a 100-yard rifle range, and firearms training classes. They provide CCW permit courses a"
premier tactical training,Premier Tactical Training,https://www.getcarryclass.com/instructors/premier-tactical-training-2c12bc858a,premier-tactical-training-2c12bc858a,ambiguous_exact,not_indexed,1,tulare,60,4,2,7,2,0.5796,3,"559CCW provides online and in-person California CCW training led by a U.S. Marine Corps veteran and DOJ-certified instructor. They offer flexible online courses with automatic progress saving, serving"
bullseye tactical firearms,Bullseye Tactical Firearms,https://www.getcarryclass.com/instructors/bullseye-tactical-firearms-360da88bb6,bullseye-tactical-firearms-360da88bb6,exact,not_indexed,1,shasta,60,4,2,11,2,0.575,3,"Bullseye Tactical Firearms Training provides CCW permit classes and tactical firearms training in the Redding, Shasta County, Mt. Shasta, and Siskiyou County area of California. They offer small class"
distinguished firearms,Distinguished Firearms,https://www.getcarryclass.com/instructors/distinguished-firearms-instruction-49f1cbdc46,distinguished-firearms-instruction-49f1cbdc46,fuzzy,not_indexed,2,lassen|siskiyou,58,3,1,13,2,0.5733,3,"Distinguished Firearms Instruction specializes in Concealed Weapons Classes and Firearms instruction in a fun and extremely safe environment. They offer 16-hour, two-day CCW classes that comply with C"
distinguished firearms instruction,Distinguished Firearms Instruction,https://www.getcarryclass.com/instructors/distinguished-firearms-instruction-49f1cbdc46,distinguished-firearms-instruction-49f1cbdc46,exact,not_indexed,3,modoc|shasta|tehama,63,3,1,13,2,0.5733,3,"Distinguished Firearms Instruction specializes in Concealed Weapons Classes and firearms instruction in Northern California, serving Shasta, Siskiyou, and surrounding counties. They offer CCW certific"
down range indoor training center,Down Range Indoor Training Center,https://www.getcarryclass.com/instructors/down-range-indoor-training-center,down-range-indoor-training-center,constructed,unknown,2,butte|sutter,83,3,1,14,2,0.5689,3,"Down Range Indoor Training Center is Northern California's only 5-star rated range according to the National Shooting Sports Foundation, featuring the area's only 25-yard pistol, rifle and shotgun ran"
down range,Down Range,https://www.getcarryclass.com/instructors/down-range-958bed1959,down-range-958bed1959,exact,not_indexed,6,glenn|lassen|plumas|shasta|tehama|yuba,76,3,1,14,2,0.5689,3,"Down Range Indoor Training Center is the North State's only 25-yard pistol, rifle and shotgun range, offering comprehensive firearms training including CCW courses and advanced pistol training. They f"
police science institute,Police Science Institute,https://www.getcarryclass.com/instructors/police-science-institute,police-science-institute,constructed,unknown,3,kings|madera|merced,65,3,1,286,1,0.5664,3,"Police Science Institute is the Valley's #1 independent school for security and law enforcement training, founded in 1991. They offer CCW first-time permits, renewals, and Utah non-resident permits, a"
police science institute and range pistol club,Police Science Institute and Range Pistol Club,https://www.getcarryclass.com/instructors/police-science-institute-and-range-pistol-club-20fcdaa066,police-science-institute-and-range-pistol-club-20fcdaa066,exact,not_indexed,1,tulare,62,3,1,285,1,0.5664,3,Police Science Institute and Range Pistol Club has been the Valley's premier independent school for security and law enforcement training since 1991. The facility combines a full-service indoor firear
